"X","n","Pi","Fehler","Operationen","Laufzeit","k","sd","var"
0,10000,3.1276,0.0139926535897932,39099,11.0106468200684,1,0.00902106177539844,8.13795555555549e-05
1,11721,3.1314734237693,0.0101192298204903,45884,17.0049667358398,1,0.0140985787118496,0.000198769921694219
2,13738,3.11224341243267,0.0293492411571247,53449,9.37318801879883,1,0.0182829468340128,0.000334266144935337
3,16102,3.11911563780897,0.0224770157808254,62784,16.3893699645996,1,0.0134533755211227,0.000180993312912345
4,18873,3.14353838817358,0.00194573458378807,74164,15.8908367156982,1,0.0136881737509215,0.000187366100635416
5,22122,3.13570201609258,0.00589063749721571,86714,27.8110504150391,1,0.0110127033680221,0.000121279635472046
6,25929,3.13887924717498,0.00271340641481541,101739,22.9537487030029,1,0.00747372194897741,5.58565197706267e-05
7,30391,3.15488137935573,0.0132887257659371,119854,31.6498279571533,1,0.0135462124197493,0.00018349987092097
8,35622,3.12683173319859,0.0147609203912081,139234,31.4629077911377,1,0.0106690817822255,0.000113829306075816
9,41753,3.13788230785812,0.00371034573167526,163774,31.9454669952393,1,0.00638948839888021,4.08255619994248e-05
10,48939,3.13843764686651,0.00315500672328595,191994,46.5099811553955,1,0.00829452752755447,6.87991869053588e-05
11,57361,3.12721186869127,0.0143807848985222,224229,95.1318740844727,1,0.00993396141104189,9.86835893160693e-05
12,67233,3.14595511132926,0.00436245773946472,264394,72.131872177124,1,0.00667910247156906,4.46104098257199e-05
13,78804,3.12811532409522,0.0134773294945696,308139,70.1761245727539,1,0.00655714213104045,4.29961129266657e-05
14,92367,3.14402329836413,0.00243064477434114,363009,97.2506999969482,1,0.00335816783171773,1.12772911859837e-05
15,108263,3.14245864238013,0.00086598879033663,425269,107.264041900635,1,0.00612584353004378,3.75259589545793e-05
16,126896,3.1388853864582,0.00270726713159125,497894,125.754356384277,1,0.00408484408376809,1.66859511886952e-05
17,148735,3.14000067233671,0.00159198125308702,583789,126.839160919189,1,0.00320314642006448,1.02601469883719e-05
18,174332,3.1422573021591,0.000664648569305493,684749,156.66389465332,1,0.0035181880183954,1.2377646932781e-05
19,204335,3.13874764479898,0.00284500879081117,801699,172.664403915405,1,0.00409325900321617,1.67547692674103e-05
20,239502,3.1409174036125,0.000675249977297309,940324,205.699920654297,1,0.00366498534143714,1.34321175529491e-05
21,280721,3.14691098991525,0.0053183363254607,1104259,239.437103271484,1,0.00259250479197437,6.72108109641006e-06
22,329034,3.1400037686075,0.00158888498229371,1291464,282.583951950073,1,0.00186870594123173,3.49206189479476e-06
23,385662,3.13538798222278,0.00620467136701785,1511504,329.652786254883,1,0.00278743061843369,7.7697694525816e-06
24,452035,3.14000464565797,0.00158800793182428,1774244,377.675294876099,1,0.0025331843397834,6.41702289932384e-06
25,529831,3.14109970915254,0.000492944437252145,2080319,442.324638366699,1,0.00190266469243363,3.62013293183357e-06
26,621016,3.14205753152898,0.000464877939185081,2439089,518.722534179688,1,0.00219526229072764,4.81917652509077e-06
27,727895,3.14231585599571,0.000723202405920429,2859099,597.830772399902,1,0.00192242679655581,3.69572478811584e-06
28,853167,3.13798353663468,0.00360911695511328,3346534,693.070650100708,1,0.0021627488836013,4.67748273351869e-06
29,1000000,3.140724,0.000868653589793238,3925909,836.945533752441,1,0.00138763299662887,1.92552533333323e-06
0,10000,3.1492,0.00760734641020676,39369,15.5265331268311,2,0.00902106177539844,8.13795555555549e-05
1,11721,3.1314734237693,0.0101192298204903,45884,0,2,0.0140985787118496,0.000198769921694219
2,13738,3.16407046149367,0.022477807903874,54339,15.6276226043701,2,0.0182829468340128,0.000334266144935337
3,16102,3.12731337722022,0.0142792763695721,62949,15.6230926513672,2,0.0134533755211227,0.000180993312912345
4,18873,3.11556191384518,0.0260307397446176,73504,15.6233310699463,2,0.0136881737509215,0.000187366100635416
5,22122,3.1514329626616,0.00984030907181059,87149,15.6235694885254,2,0.0110127033680221,0.000121279635472046
6,25929,3.14998650160052,0.00839384801073127,102099,31.7599773406982,2,0.00747372194897741,5.58565197706267e-05
7,30391,3.14540488960548,0.00381223601568207,119494,15.5065059661865,2,0.0135462124197493,0.00018349987092097
8,35622,3.16141710179103,0.0198244482012348,140774,31.2511920928955,2,0.0106690817822255,0.000113829306075816
9,41753,3.13242162239839,0.0091710311914027,163489,46.8699932098389,2,0.00638948839888021,4.08255619994248e-05
10,48939,3.13451439547191,0.00707825811787922,191754,31.6338539123535,2,0.00829452752755447,6.87991869053588e-05
11,57361,3.14792280469308,0.00633015110329091,225714,46.8685626983643,2,0.00993396141104189,9.86835893160693e-05
12,67233,3.13292579536835,0.00866685822144734,263299,78.2463550567627,2,0.00667910247156906,4.46104098257199e-05
13,78804,3.15156591035988,0.00997325677008697,310449,65.7901763916016,2,0.00655714213104045,4.29961129266657e-05
14,92367,3.1455822967077,0.0039896431179054,363189,84.630012512207,2,0.00335816783171773,1.12772911859837e-05
15,108263,3.14988500226301,0.00829234867321444,426274,87.6541137695312,2,0.00612584353004378,3.75259589545793e-05
16,126896,3.1513680494263,0.00977539583650862,499874,112.829446792603,2,0.00408484408376809,1.66859511886952e-05
17,148735,3.14521800517699,0.0036253515871994,584759,122.764348983765,2,0.00320314642006448,1.02601469883719e-05
18,174332,3.14232613633756,0.000733482747769573,684764,144.946098327637,2,0.0035181880183954,1.2377646932781e-05
19,204335,3.14522720043067,0.00363454684087209,803354,172.633647918701,2,0.00409325900321617,1.67547692674103e-05
20,239502,3.14046646792094,0.0011261856688573,940189,204.149007797241,2,0.00366498534143714,1.34321175529491e-05
21,280721,3.14111163753335,0.000481016056441619,1102224,236.837863922119,2,0.00259250479197437,6.72108109641006e-06
22,329034,3.13915279272051,0.00243986086928411,1291114,282.369136810303,2,0.00186870594123173,3.49206189479476e-06
23,385662,3.14326016045138,0.00166750686158647,1515299,317.896604537964,2,0.00278743061843369,7.7697694525816e-06
24,452035,3.14108420808123,0.000508445508560591,1774854,377.418518066406,2,0.0025331843397834,6.41702289932384e-06
25,529831,3.14320604117162,0.00161338758182564,2081714,445.003509521484,2,0.00190266469243363,3.62013293183357e-06
26,621016,3.14374508869337,0.00215243510357376,2440399,530.526876449585,2,0.00219526229072764,4.81917652509077e-06
27,727895,3.14307420713152,0.00148155354172985,2859789,599.784851074219,2,0.00192242679655581,3.69572478811584e-06
28,853167,3.14265788526748,0.00106523167768663,3351519,710.988998413086,2,0.0021627488836013,4.67748273351869e-06
29,1000000,3.142056,0.000463346410206762,3927574,868.834972381592,2,0.00138763299662887,1.92552533333323e-06
0,10000,3.132,0.00959265358979324,39154,0,3,0.00902106177539844,8.13795555555549e-05
1,11721,3.14307652930637,0.00148387571657994,46054,15.6893730163574,3,0.0140985787118496,0.000198769921694219
2,13738,3.1326248362207,0.00896781736909153,53799,15.6395435333252,3,0.0182829468340128,0.000334266144935337
3,16102,3.14395727238852,0.00236461879872993,63284,15.6135559082031,3,0.0134533755211227,0.000180993312912345
4,18873,3.1331531817941,0.00843947179569585,73919,15.6173706054688,3,0.0136881737509215,0.000187366100635416
5,22122,3.13805261730404,0.00354003628575201,86779,15.6354904174805,3,0.0110127033680221,0.000121279635472046
6,25929,3.14289020016198,0.00129754657218756,101869,16.1752700805664,3,0.00747372194897741,5.58565197706267e-05
7,30391,3.12882103254253,0.0127716210472642,118864,31.2552452087402,3,0.0135462124197493,0.00018349987092097
8,35622,3.12941440682724,0.0121782467625516,139349,15.632152557373,3,0.0106690817822255,0.000113829306075816
9,41753,3.14727085478888,0.00567820119908421,164264,46.8559265136719,3,0.00638948839888021,4.08255619994248e-05
10,48939,3.14375038313002,0.00215772954022576,192319,31.8484306335449,3,0.00829452752755447,6.87991869053588e-05
11,57361,3.12797894039504,0.0136137131947513,224284,62.4802112579346,3,0.00993396141104189,9.86835893160693e-05
12,67233,3.14256391950382,0.000971265914021852,264109,47.4512577056885,3,0.00667910247156906,4.46104098257199e-05
13,78804,3.14202324755089,0.000430593961092503,309509,65.9952163696289,3,0.00655714213104045,4.29961129266657e-05
14,92367,3.1412950512629,0.000297602326896316,362694,76.6251087188721,3,0.00335816783171773,1.12772911859837e-05
15,108263,3.13920730073986,0.00238535284992828,424829,94.7515964508057,3,0.00612584353004378,3.75259589545793e-05
16,126896,3.14509519606607,0.00350254247627661,498879,128.153800964355,3,0.00408484408376809,1.66859511886952e-05
17,148735,3.14443809459777,0.00284544100798133,584614,123.360395431519,3,0.00320314642006448,1.02601469883719e-05
18,174332,3.13876970378359,0.0028229498062079,683989,142.107009887695,3,0.0035181880183954,1.2377646932781e-05
19,204335,3.14366114468887,0.00206849109907553,802954,175.275564193726,3,0.00409325900321617,1.67547692674103e-05
20,239502,3.13881303705188,0.00277961653791058,939694,205.045938491821,3,0.00366498534143714,1.34321175529491e-05
21,280721,3.14391869507447,0.00232604148467572,1103209,256.031274795532,3,0.00259250479197437,6.72108109641006e-06
22,329034,3.14417355045375,0.00258089686395926,1293179,279.756546020508,3,0.00186870594123173,3.49206189479476e-06
23,385662,3.14190145775316,0.000308804163368857,1514644,321.679592132568,3,0.00278743061843369,7.7697694525816e-06
24,452035,3.13848263961861,0.00311001397117964,1773384,374.778032302856,3,0.0025331843397834,6.41702289932384e-06
25,529831,3.13784584140981,0.00374681217998521,2078164,455.265045166016,3,0.00190266469243363,3.62013293183357e-06
26,621016,3.14370644234609,0.00211378875629768,2440369,519.439220428467,3,0.00219526229072764,4.81917652509077e-06
27,727895,3.14221694063017,0.000624287040380069,2859009,613.778591156006,3,0.00192242679655581,3.69572478811584e-06
28,853167,3.14078251971771,0.000810133872082638,3349519,704.77819442749,3,0.0021627488836013,4.67748273351869e-06
29,1000000,3.144056,0.00246334641020676,3930074,849.78723526001,3,0.00138763299662887,1.92552533333323e-06
0,10000,3.116,0.0255926535897932,38954,0,4,0.00902106177539844,8.13795555555549e-05
1,11721,3.12669567443051,0.0148969791592839,45814,15.6264305114746,4,0.0140985787118496,0.000198769921694219
2,13738,3.17251419420585,0.0309215406160591,54484,16.9105529785156,4,0.0182829468340128,0.000334266144935337
3,16102,3.13700161470625,0.00459103888354557,63144,0,4,0.0134533755211227,0.000180993312912345
4,18873,3.14099507232554,0.00059758126424881,74104,31.2602519989014,4,0.0136881737509215,0.000187366100635416
5,22122,3.13805261730404,0.00354003628575201,86779,23.6620903015137,4,0.0110127033680221,0.000121279635472046
6,25929,3.14103899109106,0.000553662498736892,101809,8.00132751464844,4,0.00747372194897741,5.58565197706267e-05
7,30391,3.15553946892172,0.013946815331927,119879,31.2507152557373,4,0.0135462124197493,0.00018349987092097
8,35622,3.14176632418169,0.000173670591892237,139899,31.2466621398926,4,0.0106690817822255,0.000113829306075816
9,41753,3.13807391085671,0.00351874273308833,163784,31.6247940063477,4,0.00638948839888021,4.08255619994248e-05
10,48939,3.13001900324894,0.0115736503408507,191479,46.8716621398926,4,0.00829452752755447,6.87991869053588e-05
11,57361,3.13983368490786,0.00175896868192901,225134,51.3739585876465,4,0.00993396141104189,9.86835893160693e-05
12,67233,3.12780926033347,0.013783393256326,262869,58.3739280700684,4,0.00667910247156906,4.46104098257199e-05
13,78804,3.13451093853104,0.00708171505875421,308769,62.8764629364014,4,0.00655714213104045,4.29961129266657e-05
14,92367,3.14068877412929,0.00090387946050464,362624,62.7706050872803,4,0.00335816783171773,1.12772911859837e-05
15,108263,3.1432345307261,0.00164187713630894,425374,109.856843948364,4,0.00612584353004378,3.75259589545793e-05
16,126896,3.14342453662842,0.00183188303862689,498614,106.706857681274,4,0.00408484408376809,1.66859511886952e-05
17,148735,3.14078058291592,0.000812070673868944,583934,117.260932922363,4,0.00320314642006448,1.02601469883719e-05
18,174332,3.13867792487897,0.00291472871082667,683969,156.705617904663,4,0.0035181880183954,1.2377646932781e-05
19,204335,3.13211148359312,0.0094811699966741,800004,175.034046173096,4,0.00409325900321617,1.67547692674103e-05
20,239502,3.13751033394293,0.00408231964686166,939304,220.77488899231,4,0.00366498534143714,1.34321175529491e-05
21,280721,3.14347697535988,0.00188432177008365,1103054,289.326667785645,4,0.00259250479197437,6.72108109641006e-06
22,329034,3.1421068947282,0.000514241138411142,1292329,329.513311386108,4,0.00186870594123173,3.49206189479476e-06
23,385662,3.14072944702875,0.00086320656104786,1514079,362.240076065063,4,0.00278743061843369,7.7697694525816e-06
24,452035,3.13742962381232,0.00416302977747782,1772789,440.231323242188,4,0.0025331843397834,6.41702289932384e-06
25,529831,3.14066938325617,0.000923270333622875,2080034,518.942594528198,4,0.00190266469243363,3.62013293183357e-06
26,621016,3.14113646025223,0.000456193337561412,2438374,613.064527511597,4,0.00219526229072764,4.81917652509077e-06
27,727895,3.14360175574774,0.0020091021579451,2860269,692.21830368042,4,0.00192242679655581,3.69572478811584e-06
28,853167,3.14007925763655,0.00151339595324611,3348769,849.95698928833,4,0.0021627488836013,4.67748273351869e-06
29,1000000,3.140644,0.000948653589793238,3925809,1428.20930480957,4,0.00138763299662887,1.92552533333323e-06
0,10000,3.1332,0.00839265358979324,39169,0,5,0.00902106177539844,8.13795555555549e-05
1,11721,3.13864004777749,0.00295260581229985,45989,17.4274444580078,5,0.0140985787118496,0.000198769921694219
2,13738,3.16436162469064,0.0227689711008459,54344,31.3589572906494,5,0.0182829468340128,0.000334266144935337
3,16102,3.13277853682772,0.00881411676206998,63059,17.8143978118896,5,0.0134533755211227,0.000180993312912345
4,18873,3.13739204154083,0.00420061204896772,74019,16.4375305175781,5,0.0136881737509215,0.000187366100635416
5,22122,3.16318596871892,0.0215933151291291,87474,33.3395004272461,5,0.0110127033680221,0.000121279635472046
6,25929,3.14828955995218,0.00669690636238386,102044,33.5962772369385,5,0.00747372194897741,5.58565197706267e-05
7,30391,3.12197690105623,0.0196157525335595,118604,47.9974746704102,5,0.0135462124197493,0.00018349987092097
8,35622,3.13862219976419,0.00297045382560257,139759,35.1085662841797,5,0.0106690817822255,0.000113829306075816
9,41753,3.14161856633056,2.59127407698348e-05,163969,66.6608810424805,5,0.00638948839888021,4.08255619994248e-05
10,48939,3.14881791618137,0.0072252625915754,192629,67.0783519744873,5,0.00829452752755447,6.87991869053588e-05
11,57361,3.15315283903698,0.0115601854471831,226089,66.7281150817871,5,0.00993396141104189,9.86835893160693e-05
12,67233,3.1458361221424,0.00424346855260707,264384,100.069522857666,5,0.00667910247156906,4.46104098257199e-05
13,78804,3.14232780061926,0.000735147029464667,309539,99.8721122741699,5,0.00655714213104045,4.29961129266657e-05
14,92367,3.13583855706042,0.00575409652937123,362064,128.963470458984,5,0.00335816783171773,1.12772911859837e-05
15,108263,3.13602985322779,0.00556280036200535,424399,128.467082977295,5,0.00612584353004378,3.75259589545793e-05
16,126896,3.13995713024839,0.00163552334140085,498064,157.086133956909,5,0.00408484408376809,1.66859511886952e-05
17,148735,3.14320099505833,0.00160834146853197,584384,172.949075698853,5,0.00320314642006448,1.02601469883719e-05
18,174332,3.14751164444852,0.00591899085873027,685894,196.431398391724,5,0.0035181880183954,1.2377646932781e-05
19,204335,3.13931534000538,0.00227731358440992,801844,212.028741836548,5,0.00409325900321617,1.67547692674103e-05
20,239502,3.14823258260891,0.00663992901912026,942514,250.646114349365,5,0.00366498534143714,1.34321175529491e-05
21,280721,3.14638377606235,0.00479112247256049,1104074,314.397096633911,5,0.00259250479197437,6.72108109641006e-06
22,329034,3.14061160852678,0.000981045063014851,1291714,361.01245880127,5,0.00186870594123173,3.49206189479476e-06
23,385662,3.14105097209474,0.000541681495057434,1514234,456.585884094238,5,0.00278743061843369,7.7697694525816e-06
24,452035,3.13923479376597,0.00235785982382379,1773809,486.803531646729,5,0.0025331843397834,6.41702289932384e-06
25,529831,3.14063163537052,0.00096101821926943,2080009,535.571098327637,5,0.00190266469243363,3.62013293183357e-06
26,621016,3.14210905999201,0.00051640640221985,2439129,645.327806472778,5,0.00219526229072764,4.81917652509077e-06
27,727895,3.13897471475968,0.00261793883010949,2856059,707.998752593994,5,0.00192242679655581,3.69572478811584e-06
28,853167,3.14236720360727,0.000774550017472397,3351209,831.366300582886,5,0.0021627488836013,4.67748273351869e-06
29,1000000,3.140272,0.00132065358979324,3925344,992.01512336731,5,0.00138763299662887,1.92552533333323e-06
0,10000,3.1236,0.0179926535897932,39049,15.5050754547119,6,0.00902106177539844,8.13795555555549e-05
1,11721,3.16696527600034,0.025372622410548,46404,15.6264305114746,6,0.0140985787118496,0.000198769921694219
2,13738,3.16552627747853,0.0239336238887335,54364,0,6,0.0182829468340128,0.000334266144935337
3,16102,3.15588125698671,0.0142886033969165,63524,15.6228542327881,6,0.0134533755211227,0.000180993312912345
4,18873,3.14163090128755,3.82476977604096e-05,74119,15.6233310699463,6,0.0136881737509215,0.000187366100635416
5,22122,3.13823343278185,0.00335922080794711,86784,31.2471389770508,6,0.0110127033680221,0.000121279635472046
6,25929,3.14227313047167,0.000680476881879406,101849,22.148609161377,6,0.00747372194897741,5.58565197706267e-05
7,30391,3.14119311638314,0.000399537206653493,119334,25.2430438995361,6,0.0135462124197493,0.00018349987092097
8,35622,3.12997585761608,0.0116167959737133,139374,31.6271781921387,6,0.0106690817822255,0.000113829306075816
9,41753,3.13864871985247,0.00294393373732755,163814,47.2588539123535,6,0.00638948839888021,4.08255619994248e-05
10,48939,3.15625574695028,0.0146630933604918,193084,46.8728542327881,6,0.00829452752755447,6.87991869053588e-05
11,57361,3.14994508463939,0.00835243104959589,225859,49.3936538696289,6,0.00993396141104189,9.86835893160693e-05
12,67233,3.13863727633751,0.00295537725228041,263779,60.6620311737061,6,0.00667910247156906,4.46104098257199e-05
13,78804,3.14435815440841,0.00276550081861243,309739,78.6736011505127,6,0.00655714213104045,4.29961129266657e-05
14,92367,3.13592516807951,0.00566748551028432,362074,94.6965217590332,6,0.00335816783171773,1.12772911859837e-05
15,108263,3.1371752122147,0.00441744137509385,424554,110.300540924072,6,0.00612584353004378,3.75259589545793e-05
16,126896,3.1413440928004,0.000248560789389758,498284,125.7643699646,6,0.00408484408376809,1.66859511886952e-05
17,148735,3.14029650048744,0.00129615310234913,583844,130.961418151855,6,0.00320314642006448,1.02601469883719e-05
18,174332,3.1359245577404,0.00566809584938987,683369,167.529344558716,6,0.0035181880183954,1.2377646932781e-05
19,204335,3.14268235985025,0.00108970626045268,802704,204.296350479126,6,0.00409325900321617,1.67547692674103e-05
20,239502,3.14078379303722,0.000808860552574343,940284,235.908985137939,6,0.00366498534143714,1.34321175529491e-05
21,280721,3.13961549011296,0.00197716347683411,1101699,266.716241836548,6,0.00259250479197437,6.72108109641006e-06
22,329034,3.14434374563115,0.00275109204135734,1293249,349.216461181641,6,0.00186870594123173,3.49206189479476e-06
23,385662,3.14412101788613,0.00252836429633503,1515714,390.311717987061,6,0.00278743061843369,7.7697694525816e-06
24,452035,3.14141161635714,0.000181037232652752,1775039,439.54062461853,6,0.0025331843397834,6.41702289932384e-06
25,529831,3.14222459614481,0.0006319425550152,2081064,518.303871154785,6,0.00190266469243363,3.62013293183357e-06
26,621016,3.14540688162624,0.00381422803644506,2441689,612.302541732788,6,0.00219526229072764,4.81917652509077e-06
27,727895,3.14321708488175,0.00162443129195482,2859919,691.699743270874,6,0.00192242679655581,3.69572478811584e-06
28,853167,3.14468796847511,0.00309531488531187,3353684,816.137790679932,6,0.0021627488836013,4.67748273351869e-06
29,1000000,3.139952,0.00164065358979324,3924944,976.03702545166,6,0.00138763299662887,1.92552533333323e-06
0,10000,3.1296,0.0119926535897932,39124,15.6228542327881,7,0.00902106177539844,8.13795555555549e-05
1,11721,3.15160822455422,0.0100155709644257,46179,0,7,0.0140985787118496,0.000198769921694219
2,13738,3.14019507934197,0.00139757424782206,53929,15.6238079071045,7,0.0182829468340128,0.000334266144935337
3,16102,3.14619301950068,0.00460036591088991,63329,16.0925388336182,7,0.0134533755211227,0.000180993312912345
4,18873,3.10496476447836,0.0366278891114379,73254,15.6750679016113,7,0.0136881737509215,0.000187366100635416
5,22122,3.15559171865112,0.0139990650613233,87264,31.2466621398926,7,0.0110127033680221,0.000121279635472046
6,25929,3.13903351459755,0.00255913899223838,101744,15.6204700469971,7,0.00747372194897741,5.58565197706267e-05
7,30391,3.16146227501563,0.0198696214258364,120104,32.7961444854736,7,0.0135462124197493,0.00018349987092097
8,35622,3.14816686317444,0.00657420958464952,140184,30.2226543426514,7,0.0106690817822255,0.000113829306075816
9,41753,3.12676933394008,0.0148233196497171,163194,46.867847442627,7,0.00638948839888021,4.08255619994248e-05
10,48939,3.14464946157461,0.00305680798482006,192374,31.7142009735107,7,0.00829452752755447,6.87991869053588e-05
11,57361,3.14157702968916,1.5623900631613e-05,225259,63.1117820739746,7,0.00993396141104189,9.86835893160693e-05
12,67233,3.1466690464504,0.00507639286061058,264454,63.0240440368652,7,0.00667910247156906,4.46104098257199e-05
13,78804,3.14161717679306,2.45232032629516e-05,309469,78.7420272827148,7,0.00655714213104045,4.29961129266657e-05
14,92367,3.14181471737742,0.000222063787625104,362754,87.1269702911377,7,0.00335816783171773,1.12772911859837e-05
15,108263,3.14404736613617,0.00245471254637517,425484,117.555618286133,7,0.00612584353004378,3.75259589545793e-05
16,126896,3.13752994578237,0.00406270780742027,497679,125.564098358154,7,0.00408484408376809,1.66859511886952e-05
17,148735,3.14712744142266,0.00553478783287123,585114,141.149759292603,7,0.00320314642006448,1.02601469883719e-05
18,174332,3.14328981483606,0.00169716124626669,684974,157.369136810303,7,0.0035181880183954,1.2377646932781e-05
19,204335,3.13741649741845,0.00417615617133825,801359,204.230546951294,7,0.00409325900321617,1.67547692674103e-05
20,239502,3.13892994630525,0.00266270728454318,939729,219.949960708618,7,0.00366498534143714,1.34321175529491e-05
21,280721,3.14032794126553,0.00126471232426626,1101949,282.987117767334,7,0.00259250479197437,6.72108109641006e-06
22,329034,3.141438270817,0.000154382772795603,1292054,314.052104949951,7,0.00186870594123173,3.49206189479476e-06
23,385662,3.14210889327961,0.000516239689814294,1514744,377.36439704895,7,0.00278743061843369,7.7697694525816e-06
24,452035,3.14485382769033,0.00326117410054047,1776984,455.858469009399,7,0.0025331843397834,6.41702289932384e-06
25,529831,3.13820822111202,0.00338443247777827,2078404,534.852743148804,7,0.00190266469243363,3.62013293183357e-06
26,621016,3.14075643783735,0.000836215752442832,2438079,643.325090408325,7,0.00219526229072764,4.81917652509077e-06
27,727895,3.14215649235123,0.000563838761438739,2858954,769.662380218506,7,0.00192242679655581,3.69572478811584e-06
28,853167,3.14446292460913,0.00287027101933956,3353444,927.336454391479,7,0.0021627488836013,4.67748273351869e-06
29,1000000,3.14276,0.00116734641020676,3928454,1020.74837684631,7,0.00138763299662887,1.92552533333323e-06
0,10000,3.1408,0.000792653589793238,39264,5.04970550537109,8,0.00902106177539844,8.13795555555549e-05
1,11721,3.14717174302534,0.0055790894355459,46114,11.0466480255127,8,0.0140985787118496,0.000198769921694219
2,13738,3.15213277041782,0.0105401168280259,54134,15.6726837158203,8,0.0182829468340128,0.000334266144935337
3,16102,3.14047944354739,0.00111321004240782,63214,15.6266689300537,8,0.0134533755211227,0.000180993312912345
4,18873,3.14057118635087,0.00102146723892162,74094,15.6188011169434,8,0.0136881737509215,0.000187366100635416
5,22122,3.15107133170599,0.00947867811620079,87139,31.2464237213135,8,0.0110127033680221,0.000121279635472046
6,25929,3.13533109645571,0.00626155713408727,101624,16.09206199646,8,0.00747372194897741,5.58565197706267e-05
7,30391,3.16198874666842,0.0203960930786283,120124,31.2924385070801,8,0.0135462124197493,0.00018349987092097
8,35622,3.1285160855651,0.013076568024693,139309,46.8795299530029,8,0.0106690817822255,0.000113829306075816
9,41753,3.13385864488779,0.00773400870200074,163564,47.3799705505371,8,0.00638948839888021,4.08255619994248e-05
10,48939,3.13819244365435,0.00340020993544803,191979,46.8719005584717,8,0.00829452752755447,6.87991869053588e-05
11,57361,3.13251163682642,0.00908101676337808,224609,47.4085807800293,8,0.00993396141104189,9.86835893160693e-05
12,67233,3.14655005726355,0.00495740367375294,264444,78.5977840423584,8,0.00667910247156906,4.46104098257199e-05
13,78804,3.13872392264352,0.0028687309462726,309184,93.7867164611816,8,0.00655714213104045,4.29961129266657e-05
14,92367,3.13835027661394,0.00324237697585103,362354,94.2826271057129,8,0.00335816783171773,1.12772911859837e-05
15,108263,3.14970026694254,0.00810761335274484,426249,110.360145568848,8,0.00612584353004378,3.75259589545793e-05
16,126896,3.13979952086748,0.00179313272231121,498039,141.425848007202,8,0.00408484408376809,1.66859511886952e-05
17,148735,3.14508353783575,0.0034908842459549,584734,157.383918762207,8,0.00320314642006448,1.02601469883719e-05
18,174332,3.13691118096506,0.00468147262473806,683584,187.968254089355,8,0.0035181880183954,1.2377646932781e-05
19,204335,3.13618322852179,0.00540942506800304,801044,212.974309921265,8,0.00409325900321617,1.67547692674103e-05
20,239502,3.14654574909604,0.00495309550624771,942009,259.515047073364,8,0.00366498534143714,1.34321175529491e-05
21,280721,3.14582806416335,0.00423541057355756,1103879,298.435926437378,8,0.00259250479197437,6.72108109641006e-06
22,329034,3.14183944516372,0.000246791573928444,1292219,345.784187316895,8,0.00186870594123173,3.49206189479476e-06
23,385662,3.13942260321214,0.00217005037765411,1513449,399.250507354736,8,0.00278743061843369,7.7697694525816e-06
24,452035,3.14491576979659,0.00332311620679331,1777019,480.965614318848,8,0.0025331843397834,6.41702289932384e-06
25,529831,3.14270776908108,0.00111511549129111,2081384,601.797580718994,8,0.00190266469243363,3.62013293183357e-06
26,621016,3.13828307161168,0.00330958197811174,2436159,1068.75920295715,8,0.00219526229072764,4.81917652509077e-06
27,727895,3.14275547984256,0.00116282625276647,2859499,877.090692520142,8,0.00192242679655581,3.69572478811584e-06
28,853167,3.13923534313915,0.00235731045064229,3347869,1169.80457305908,8,0.0021627488836013,4.67748273351869e-06
29,1000000,3.14334,0.00174734641020676,3929179,1156.66961669922,8,0.00138763299662887,1.92552533333323e-06
0,10000,3.1296,0.0119926535897932,39124,15.6400203704834,9,0.00902106177539844,8.13795555555549e-05
1,11721,3.16764781162017,0.0260551580303757,46414,0,9,0.0140985787118496,0.000198769921694219
2,13738,3.1512592808269,0.00966662723711024,54119,35.7000827789307,9,0.0182829468340128,0.000334266144935337
3,16102,3.11514097627624,0.0264516773135543,62704,11.505126953125,9,0.0134533755211227,0.000180993312912345
4,18873,3.14756530493297,0.00597265134317979,74259,15.6278610229492,9,0.0136881737509215,0.000187366100635416
5,22122,3.12666124220233,0.0149314113874607,86464,31.2471389770508,9,0.0110127033680221,0.000121279635472046
6,25929,3.16016815149061,0.0185754979008157,102429,31.2464237213135,9,0.00747372194897741,5.58565197706267e-05
7,30391,3.15527623309532,0.013683579505531,119869,31.2910079956055,9,0.0135462124197493,0.00018349987092097
8,35622,3.13940823086856,0.00218442272122887,139794,36.6063117980957,9,0.0106690817822255,0.000113829306075816
9,41753,3.14736665628817,0.00577400269837767,164269,41.7718887329102,9,0.00638948839888021,4.08255619994248e-05
10,48939,3.14007233494759,0.00152031864220543,192094,36.7558002471924,9,0.00829452752755447,6.87991869053588e-05
11,57361,3.14757413573682,0.00598148214703143,225689,63.5001659393311,9,0.00993396141104189,9.86835893160693e-05
12,67233,3.14785893831898,0.00626628472918702,264554,80.5373191833496,9,0.00667910247156906,4.46104098257199e-05
13,78804,3.14786051469469,0.00626786110489231,310084,97.2881317138672,9,0.00655714213104045,4.29961129266657e-05
14,92367,3.14385007632596,0.00225742273616733,362989,94.2323207855225,9,0.00335816783171773,1.12772911859837e-05
15,108263,3.13052474067779,0.0110679129119993,423654,115.267515182495,9,0.00612584353004378,3.75259589545793e-05
16,126896,3.14430714916152,0.00271449557172485,498754,133.731842041016,9,0.00408484408376809,1.66859511886952e-05
17,148735,3.14309342118533,0.00150076759553637,584364,167.02127456665,9,0.00320314642006448,1.02601469883719e-05
18,174332,3.13773719110662,0.0038554624831691,683764,210.079669952393,9,0.0035181880183954,1.2377646932781e-05
19,204335,3.14383732595982,0.00224467237002764,802999,222.851753234863,9,0.00409325900321617,1.67547692674103e-05
20,239502,3.13707609957328,0.00451655401651201,939174,267.21715927124,9,0.00366498534143714,1.34321175529491e-05
21,280721,3.14493037571112,0.00333772212132207,1103564,304.362535476685,9,0.00259250479197437,6.72108109641006e-06
22,329034,3.14235003069592,0.000757377106122685,1292429,361.309051513672,9,0.00186870594123173,3.49206189479476e-06
23,385662,3.14504410597881,0.00345145238901722,1516159,431.778430938721,9,0.00278743061843369,7.7697694525816e-06
24,452035,3.13882774563917,0.00276490795062813,1773579,510.183572769165,9,0.0025331843397834,6.41702289932384e-06
25,529831,3.13909907121327,0.00249358237651957,2078994,561.614990234375,9,0.00190266469243363,3.62013293183357e-06
26,621016,3.14069846831644,0.000894185273356947,2438034,695.830106735229,9,0.00219526229072764,4.81917652509077e-06
27,727895,3.14653624492544,0.00494359133564244,2862939,847.999334335327,9,0.00192242679655581,3.69572478811584e-06
28,853167,3.14253598650674,0.000943332916951631,3351389,1031.12936019897,9,0.0021627488836013,4.67748273351869e-06
29,1000000,3.14086,0.000732653589793238,3926079,1336.10606193542,9,0.00138763299662887,1.92552533333323e-06
0,10000,3.1336,0.00799265358979324,39174,15.3295993804932,10,0.00902106177539844,8.13795555555549e-05
1,11721,3.14512413616586,0.00353148257606292,46084,0.660181045532227,10,0.0140985787118496,0.000198769921694219
2,13738,3.14485369049352,0.00326103690372838,54009,26.3435840606689,10,0.0182829468340128,0.000334266144935337
3,16102,3.11886722146317,0.022725432126621,62779,21.1892127990723,10,0.0134533755211227,0.000180993312912345
4,18873,3.1424786732369,0.000886019647106036,74139,15.6352519989014,10,0.0136881737509215,0.000187366100635416
5,22122,3.14076484947111,0.000827804118678511,86854,39.3712520599365,10,0.0110127033680221,0.000121279635472046
6,25929,3.13687377068148,0.0047188829083169,101674,30.0610065460205,10,0.00747372194897741,5.58565197706267e-05
7,30391,3.14237767760192,0.000785024012128383,119379,31.1617851257324,10,0.0135462124197493,0.00018349987092097
8,35622,3.1361518162933,0.00544083729649135,139649,47.142505645752,10,0.0106690817822255,0.000113829306075816
9,41753,3.13558307187507,0.00600958171471839,163654,48.7034320831299,10,0.00638948839888021,4.08255619994248e-05
10,48939,3.12961033122867,0.0119823223611208,191454,54.570198059082,10,0.00829452752755447,6.87991869053588e-05
11,57361,3.15315283903698,0.0115601854471831,226089,63.0233287811279,10,0.00993396141104189,9.86835893160693e-05
12,67233,3.14196897356953,0.000376319979733631,264059,93.494176864624,10,0.00667910247156906,4.46104098257199e-05
13,78804,3.14227704177453,0.000684388184735973,309534,91.3732051849365,10,0.00655714213104045,4.29961129266657e-05
14,92367,3.13891324823801,0.00267940535178616,362419,94.7880744934082,10,0.00335816783171773,1.12772911859837e-05
15,108263,3.14552524869993,0.00393259511013194,425684,149.774074554443,10,0.00612584353004378,3.75259589545793e-05
16,126896,3.13945278022948,0.00213987336031398,497984,151.638507843018,10,0.00408484408376809,1.66859511886952e-05
17,148735,3.13631626718661,0.00527638640318619,583104,169.5876121521,10,0.00320314642006448,1.02601469883719e-05
18,174332,3.13971043755593,0.00188221603386547,684194,185.403823852539,10,0.0035181880183954,1.2377646932781e-05
19,204335,3.14164484792131,5.21943315124605e-05,802439,215.322017669678,10,0.00409325900321617,1.67547692674103e-05
20,239502,3.14200298953662,0.000410335946828585,940649,267.25435256958,10,0.00366498534143714,1.34321175529491e-05
21,280721,3.14515836007994,0.00356570649014378,1103644,284.654378890991,10,0.00259250479197437,6.72108109641006e-06
22,329034,3.14459903839725,0.00300638480745446,1293354,358.939170837402,10,0.00186870594123173,3.49206189479476e-06
23,385662,3.14366465972795,0.00207200613815507,1515494,631.128072738647,10,0.00278743061843369,7.7697694525816e-06
24,452035,3.14009313438119,0.00149951920860594,1774294,791.848659515381,10,0.0025331843397834,6.41702289932384e-06
25,529831,3.1424284347273,0.000835781137506599,2081199,996.049880981445,10,0.00190266469243363,3.62013293183357e-06
26,621016,3.14496888969044,0.00337623610064952,2441349,948.230028152466,10,0.00219526229072764,4.81917652509077e-06
27,727895,3.14099698445518,0.000595669134617698,2857899,849.164247512817,10,0.00192242679655581,3.69572478811584e-06
28,853167,3.1420483914638,0.00045573787401162,3350869,1007.89308547974,10,0.0021627488836013,4.67748273351869e-06
29,1000000,3.141496,9.66535897932385e-05,3926874,1200.83975791931,10,0.00138763299662887,1.92552533333323e-06
